epoch,time,train/box_loss,train/cls_loss,train/l1_loss,metrics/precision(B),metrics/recall(B),metrics/mAP50(B),metrics/mAP50-95(B),val/box_loss,val/cls_loss,val/l1_loss,lr/pg0,lr/pg1,lr/pg2
1,212.789,1.99104,8.65464,0.05196,0.35872,0.99643,0.36738,0.19301,1.68239,7.26965,0.04437,0.000665675,0.000665675,0.000665675
2,386.456,1.20596,0.98328,0.02982,0.3592,0.99876,0.37735,0.286,1.07776,3.70025,0.0262,0.00120044,0.00120044,0.00120044
3,557.796,1.00652,0.43734,0.02475,0.35918,0.99917,0.36107,0.28617,0.79609,3.0305,0.01878,0.0016032,0.0016032,0.0016032
4,722.748,0.88463,0.32598,0.02158,0.35939,0.99835,0.36581,0.31121,0.59281,2.81843,0.01362,0.001406,0.001406,0.001406
5,882.242,0.77912,0.26568,0.01901,0.35951,0.99959,0.36527,0.32103,0.56025,2.53644,0.01301,0.001208,0.001208,0.001208
6,1010.65,0.70244,0.23273,0.01724,0.35958,0.99752,0.36868,0.32783,0.55015,3.43086,0.01268,0.00101,0.00101,0.00101
7,1140,0.63386,0.20736,0.01564,0.35962,0.99835,0.36854,0.33139,0.51027,3.02419,0.01182,0.000812,0.000812,0.000812
8,1271.33,0.60158,0.19369,0.01499,0.35943,0.99953,0.36994,0.33631,0.47759,3.12494,0.01111,0.000614,0.000614,0.000614
9,1401.22,0.55802,0.17649,0.0138,0.36011,0.99689,0.37581,0.3448,0.50206,3.17124,0.01146,0.000416,0.000416,0.000416
10,1544.52,0.52459,0.16748,0.01304,0.3598,0.99793,0.37256,0.34311,0.44853,3.508,0.01023,0.000218,0.000218,0.000218
