dashboard,fish_count,fish_predictions,image,lesion_count,mean_fish_confidence,status
D:\yolocomvis\reports\trial_user_images\clean\ujicoba_dashboard.jpg,1,"[{""class"": ""Viral diseases White tail disease"", ""confidence"": 0.464626, ""status"": ""review_manual""}]",D:\yolocomvis\reports\trial_user_images\inputs\ujicoba.png,0,0.875934,ok
D:\yolocomvis\reports\trial_user_images\clean\ujicoba10_dashboard.jpg,0,[],D:\yolocomvis\reports\trial_user_images\inputs\ujicoba10.png,0,,ok
D:\yolocomvis\reports\trial_user_images\clean\ujicoba11_dashboard.jpg,0,[],D:\yolocomvis\reports\trial_user_images\inputs\ujicoba11.jpg,0,,ok
D:\yolocomvis\reports\trial_user_images\clean\ujicoba2_dashboard.jpg,1,"[{""class"": ""Viral diseases White tail disease"", ""confidence"": 0.824594, ""status"": ""model_result""}]",D:\yolocomvis\reports\trial_user_images\inputs\ujicoba2.png,0,0.875333,ok
D:\yolocomvis\reports\trial_user_images\clean\ujicoba3_dashboard.jpg,1,"[{""class"": ""Viral diseases White tail disease"", ""confidence"": 0.994193, ""status"": ""model_result""}]",D:\yolocomvis\reports\trial_user_images\inputs\ujicoba3.png,0,0.876816,ok
D:\yolocomvis\reports\trial_user_images\clean\ujicoba4_dashboard.jpg,1,"[{""class"": ""Viral diseases White tail disease"", ""confidence"": 0.892896, ""status"": ""model_result""}]",D:\yolocomvis\reports\trial_user_images\inputs\ujicoba4.png,0,0.879079,ok
D:\yolocomvis\reports\trial_user_images\clean\ujicoba5_dashboard.jpg,1,"[{""class"": ""Bacterial gill disease"", ""confidence"": 0.269072, ""status"": ""review_manual""}]",D:\yolocomvis\reports\trial_user_images\inputs\ujicoba5.png,1,0.836645,ok
D:\yolocomvis\reports\trial_user_images\clean\ujicoba6_dashboard.jpg,1,"[{""class"": ""Bacterial diseases - Aeromoniasis"", ""confidence"": 0.673975, ""status"": ""review_manual""}]",D:\yolocomvis\reports\trial_user_images\inputs\ujicoba6.png,0,0.829487,ok
D:\yolocomvis\reports\trial_user_images\clean\ujicoba7_dashboard.jpg,1,"[{""class"": ""Bacterial diseases - Aeromoniasis"", ""confidence"": 0.838399, ""status"": ""model_result""}]",D:\yolocomvis\reports\trial_user_images\inputs\ujicoba7.png,0,0.880813,ok
D:\yolocomvis\reports\trial_user_images\clean\ujicoba8_dashboard.jpg,1,"[{""class"": ""Bacterial Red disease"", ""confidence"": 0.555813, ""status"": ""review_manual""}]",D:\yolocomvis\reports\trial_user_images\inputs\ujicoba8.png,0,0.863486,ok
D:\yolocomvis\reports\trial_user_images\clean\ujicoba9_dashboard.jpg,1,"[{""class"": ""Viral diseases White tail disease"", ""confidence"": 0.998827, ""status"": ""model_result""}]",D:\yolocomvis\reports\trial_user_images\inputs\ujicoba9.png,0,0.790655,ok
